{"cameraMode":{"drawMode":0,"name":"Shaded","section":"Shading Mode"},"sceneLighting":false,"audioPlay":false,"sceneViewState":{"showFog":true,"showMaterialUpdate":false,"showSkybox":false,"showFlares":true,"showImageEffects":true,"showParticleSystems":true},"in2DMode":false,"pivot":{"x":79.98560333251953,"y":2.4357619285583498,"z":100.14695739746094},"rotation":{"x":0.0021175865549594166,"y":-0.9902533292770386,"z":0.13843591511249543,"w":0.015148328617215157},"size":8.00552749633789,"orthographic":false}