{"cameraMode":{"drawMode":0,"name":"Shaded","section":"Shading Mode"},"sceneLighting":false,"audioPlay":false,"sceneViewState":{"showFog":true,"showMaterialUpdate":false,"showSkybox":false,"showFlares":true,"showImageEffects":true,"showParticleSystems":true},"in2DMode":false,"pivot":{"x":96.0199966430664,"y":1.0511631965637208,"z":104.35107421875},"rotation":{"x":0.10120050609111786,"y":0.02238157019019127,"z":-0.002277337945997715,"w":0.9946116805076599},"size":5.166009902954102,"orthographic":false}