{"cameraMode":{"drawMode":0,"name":"Shaded","section":"Shading Mode"},"sceneLighting":false,"audioPlay":false,"sceneViewState":{"showFog":true,"showMaterialUpdate":false,"showSkybox":false,"showFlares":true,"showImageEffects":true,"showParticleSystems":true},"in2DMode":false,"pivot":{"x":89.214111328125,"y":-1.5250458717346192,"z":106.73939514160156},"rotation":{"x":0.08555515855550766,"y":-0.6908226013183594,"z":0.08287712186574936,"w":0.7131451368331909},"size":55.36973571777344,"orthographic":false}