{"cameraMode":{"drawMode":0,"name":"Shaded","section":"Shading Mode"},"sceneLighting":true,"audioPlay":false,"sceneViewState":{"showFog":true,"showMaterialUpdate":false,"showSkybox":true,"showFlares":true,"showImageEffects":true,"showParticleSystems":true},"in2DMode":false,"pivot":{"x":90.54168701171875,"y":14.979104995727539,"z":75.28825378417969},"rotation":{"x":0.4305480122566223,"y":-0.09715788811445236,"z":0.04668119177222252,"w":0.8961080312728882},"size":37.22050857543945,"orthographic":false}