{"cameraMode":{"drawMode":0,"name":"Shaded","section":"Shading Mode"},"sceneLighting":false,"audioPlay":false,"sceneViewState":{"showFog":true,"showMaterialUpdate":false,"showSkybox":false,"showFlares":true,"showImageEffects":true,"showParticleSystems":true},"in2DMode":false,"pivot":{"x":11.54929256439209,"y":1.0199999809265137,"z":5.218087196350098},"rotation":{"x":0.5707985162734985,"y":0.02558940276503563,"z":-0.01780400425195694,"w":0.8204982280731201},"size":5.774658203125,"orthographic":false}